,angry,disgust,fear,happy,neutral,sad,surprise,³‰ğ”,ÄŒ»—¦,“K‡—¦,F’l,³‰ğ—¦
angry,127,28,64,2,14,19,25,127,0.455197133,0.423333333,0.438687392,0.439047619
disgust,14,43,17,0,15,15,15,43,0.361344538,0.143333333,0.205250597,
fear,11,18,31,1,7,16,21,31,0.295238095,0.103333333,0.15308642,
happy,28,34,30,263,33,28,52,263,0.561965812,0.876666667,0.684895833,
neutral,51,92,51,19,164,61,31,164,0.349680171,0.546666667,0.426527958,
sad,57,74,83,6,58,156,18,156,0.345132743,0.52,0.414893617,
surprise,12,11,24,9,9,5,138,138,0.663461538,0.46,0.543307087,