,angry,disgust,fear,happy,neutral,sad,surprise,³‰ğ”,ÄŒ»—¦,“K‡—¦,F’l,³‰ğ—¦
angry,46,9,16,1,3,8,4,46,0.528735632,0.46,0.49197861,0.57
disgust,8,40,4,0,2,7,4,40,0.615384615,0.4,0.484848485,
fear,7,7,37,0,6,7,10,37,0.5,0.37,0.425287356,
happy,3,10,8,92,13,7,9,92,0.647887324,0.92,0.760330579,
neutral,15,17,11,2,62,14,6,62,0.488188976,0.62,0.546255507,
sad,14,16,18,1,10,57,2,57,0.483050847,0.57,0.52293578,
surprise,7,1,6,4,4,0,65,65,0.747126437,0.65,0.695187166,