,angry,disgust,fear,happy,neutral,sad,surprise,³‰ğ”,ÄŒ»—¦,“K‡—¦,F’l,³‰ğ—¦
angry,130,27,42,2,13,25,19,130,0.503875969,0.433333333,0.465949821,0.513333333
disgust,22,90,16,1,10,16,13,90,0.535714286,0.3,0.384615385,
fear,19,18,96,3,18,22,36,96,0.452830189,0.32,0.375,
happy,19,32,29,257,34,22,43,257,0.589449541,0.856666667,0.698369565,
neutral,52,71,41,22,177,45,22,177,0.411627907,0.59,0.484931507,
sad,48,57,59,6,43,169,8,169,0.433333333,0.563333333,0.489855072,
surprise,10,5,17,9,5,1,159,159,0.77184466,0.53,0.628458498,